{
  "features": [
    "age",
    "sex",
    "cp",
    "trestbps",
    "chol",
    "fbs",
    "restecg",
    "thalach",
    "exang",
    "oldpeak",
    "slope",
    "ca",
    "thal"
  ],
  "scaler_mean": [
    54.549586776859506,
    0.6818181818181818,
    3.152892561983471,
    130.95867768595042,
    249.8388429752066,
    0.1446280991735537,
    0.9793388429752066,
    149.96280991735537,
    0.32644628099173556,
    0.9991735537190083,
    1.5867768595041323,
    0.6074380165289256,
    4.706611570247934
  ],
  "scaler_scale": [
    8.978372765440131,
    0.46577048936179993,
    0.9734979428100604,
    17.58610302878636,
    52.737566192586975,
    0.35172547832506873,
    0.9977178384620765,
    22.639527461380734,
    0.4689126854952853,
    1.1206178835595506,
    0.612128402880701,
    0.8807083258655833,
    1.9435945032140787
  ],
  "coefficients": [
    -0.09409607382099947,
    0.6702412942876892,
    0.5340701452917718,
    0.3129064168586705,
    0.22644767035344435,
    -0.22545362266064198,
    0.21339033481831707,
    -0.35862015511949286,
    0.38522364616612215,
    0.1298166963721812,
    0.36243995545360363,
    1.116569080523147,
    0.6730643751795298
  ],
  "intercept": 0.07759100607382498
}